[
    {
        "model": "goods.catalog",
        "pk": 1,
        "fields": {
            "created_time": "2020-02-20T17:53:32.649",
            "updated_time": "2020-02-20T17:53:32.649",
            "name": "\u624b\u63d0\u5305"
        }
    },
    {
        "model": "goods.brand",
        "pk": 1,
        "fields": {
            "created_time": "2020-02-20T17:53:21.783",
            "updated_time": "2020-02-20T17:53:21.783",
            "name": "\u5b89\u8e0f",
            "logo": "brand/1_bhUBGXb.png",
            "first_letter": "A"
        }
    },
    {
        "model": "goods.spu",
        "pk": 1,
        "fields": {
            "created_time": "2020-02-20T17:53:44.000",
            "updated_time": "2020-02-20T17:53:44.000",
            "name": "\u5b89\u8e0fA",
            "sales": 0,
            "comments": 0,
            "brand": 1,
            "catalog": 1
        }
    },
    {
        "model": "goods.spu",
        "pk": 2,
        "fields": {
            "created_time": "2020-02-20T17:53:49.770",
            "updated_time": "2020-02-20T17:53:49.770",
            "name": "\u5b89\u8e0fB",
            "sales": 0,
            "comments": 0,
            "brand": 1,
            "catalog": 1
        }
    },
    {
        "model": "goods.spu",
        "pk": 3,
        "fields": {
            "created_time": "2020-02-20T17:53:54.513",
            "updated_time": "2020-02-20T17:53:54.513",
            "name": "\u5b89\u8e0fC",
            "sales": 0,
            "comments": 0,
            "brand": 1,
            "catalog": 1
        }
    },
    {
        "model": "goods.spusaleattr",
        "pk": 1,
        "fields": {
            "created_time": "2020-02-20T17:54:08.941",
            "updated_time": "2020-02-20T17:54:08.941",
            "spu": 1,
            "name": "\u5b89\u8e0fA/\u5c3a\u5bf8"
        }
    },
    {
        "model": "goods.spusaleattr",
        "pk": 2,
        "fields": {
            "created_time": "2020-02-20T17:54:15.499",
            "updated_time": "2020-02-20T17:54:15.499",
            "spu": 1,
            "name": "\u5b89\u8e0fA/\u989c\u8272"
        }
    },
    {
        "model": "goods.spusaleattr",
        "pk": 3,
        "fields": {
            "created_time": "2020-02-20T17:54:20.624",
            "updated_time": "2020-02-20T17:54:20.625",
            "spu": 2,
            "name": "\u5b89\u8e0fB/\u5c3a\u5bf8"
        }
    },
    {
        "model": "goods.spusaleattr",
        "pk": 4,
        "fields": {
            "created_time": "2020-02-20T17:54:25.681",
            "updated_time": "2020-02-20T17:54:25.681",
            "spu": 2,
            "name": "\u5b89\u8e0fB/\u989c\u8272"
        }
    },
    {
        "model": "goods.spusaleattr",
        "pk": 5,
        "fields": {
            "created_time": "2020-02-20T17:54:31.556",
            "updated_time": "2020-02-20T17:54:31.556",
            "spu": 3,
            "name": "\u5b89\u8e0fC/\u5c3a\u5bf8"
        }
    },
    {
        "model": "goods.spusaleattr",
        "pk": 6,
        "fields": {
            "created_time": "2020-02-20T17:54:36.124",
            "updated_time": "2020-02-20T17:54:36.124",
            "spu": 3,
            "name": "\u5b89\u8e0fC/\u989c\u8272"
        }
    },
    {
        "model": "goods.saleattrvalue",
        "pk": 1,
        "fields": {
            "created_time": "2020-02-20T17:55:21.068",
            "updated_time": "2020-02-20T17:55:21.068",
            "spu_sale_attr": 1,
            "name": "15\u5bf8"
        }
    },
    {
        "model": "goods.saleattrvalue",
        "pk": 2,
        "fields": {
            "created_time": "2020-02-20T17:55:31.229",
            "updated_time": "2020-02-20T17:55:31.229",
            "spu_sale_attr": 2,
            "name": "\u84dd\u8272"
        }
    },
    {
        "model": "goods.saleattrvalue",
        "pk": 3,
        "fields": {
            "created_time": "2020-02-20T17:56:37.091",
            "updated_time": "2020-02-20T17:56:37.092",
            "spu_sale_attr": 1,
            "name": "18\u5bf8"
        }
    },
    {
        "model": "goods.saleattrvalue",
        "pk": 4,
        "fields": {
            "created_time": "2020-02-20T17:56:46.080",
            "updated_time": "2020-02-20T17:56:46.080",
            "spu_sale_attr": 2,
            "name": "\u7070\u8272"
        }
    },
    {
        "model": "goods.saleattrvalue",
        "pk": 5,
        "fields": {
            "created_time": "2020-02-20T17:57:28.512",
            "updated_time": "2020-02-20T17:57:28.512",
            "spu_sale_attr": 3,
            "name": "15\u5bf8"
        }
    },
    {
        "model": "goods.saleattrvalue",
        "pk": 6,
        "fields": {
            "created_time": "2020-02-20T17:57:37.762",
            "updated_time": "2020-02-20T17:57:37.762",
            "spu_sale_attr": 4,
            "name": "\u84dd\u8272"
        }
    },
    {
        "model": "goods.sku",
        "pk": 1,
        "fields": {
            "created_time": "2020-02-20T17:55:40.974",
            "updated_time": "2020-02-20T17:55:40.974",
            "name": "\u5b89\u8e0fA\u84dd\u8272\u5c0f\u5c3a\u5bf8",
            "caption": "\u84dd\u8272\u5c0f\u5c3a\u5bf8",
            "spu": 1,
            "price": "88.00",
            "cost_price": "100.00",
            "market_price": "100.00",
            "stock": 1000,
            "sales": 0,
            "comments": 0,
            "is_launched": true,
            "default_image_url": "sku/1_CWVre0U.png",
            "version": 0,
            "sale_attr_value": [
                1,
                2
            ]
        }
    },
    {
        "model": "goods.sku",
        "pk": 2,
        "fields": {
            "created_time": "2020-02-20T17:56:49.141",
            "updated_time": "2020-02-20T17:56:49.141",
            "name": "\u5b89\u8e0fA\u7070\u8272\u5927\u5c3a\u5bf8",
            "caption": "\u7070\u8272\u5927\u5c3a\u5bf8",
            "spu": 1,
            "price": "139.00",
            "cost_price": "200.00",
            "market_price": "200.00",
            "stock": 1000,
            "sales": 0,
            "comments": 0,
            "is_launched": true,
            "default_image_url": "sku/2_viqhhBm.png",
            "version": 0,
            "sale_attr_value": [
                3,
                4
            ]
        }
    },
    {
        "model": "goods.sku",
        "pk": 3,
        "fields": {
            "created_time": "2020-02-20T17:57:39.828",
            "updated_time": "2020-02-20T17:58:37.073",
            "name": "\u5b89\u8e0fB\u84dd\u8272\u5c0f\u5c3a\u5bf8",
            "caption": "\u84dd\u8272\u5c0f\u5c3a\u5bf8",
            "spu": 2,
            "price": "167.00",
            "cost_price": "200.00",
            "market_price": "200.00",
            "stock": 1000,
            "sales": 0,
            "comments": 0,
            "is_launched": true,
            "default_image_url": "sku/3_1Dc1Us9.png",
            "version": 0,
            "sale_attr_value": [
                5,
                6
            ]
        }
    }
]
